tipo_contrato,bajo_smv,poblacion_estimada,porcentaje
CAS,0,163229.82592058185,96.09661993636162
CAS,1,6630.28573441506,3.9033800636383913
Formación laboral / prácticas,0,31945.00499057772,48.20586833769134
Formación laboral / prácticas,1,34322.87087631226,51.794131662308665
Indefinido / permanente,0,1210336.0778347855,94.76597831827513
Indefinido / permanente,1,66848.09660577776,5.234021681724862
Locación de servicios,0,459282.18359231966,77.19908545352206
Locación de servicios,1,135649.9725260735,22.800914546477934
Período de prueba,0,28678.411266326908,64.17949225795049
Período de prueba,1,16006.285133361822,35.820507742049514
Plazo fijo,0,2458190.4571660766,88.04259224054289
Plazo fijo,1,333856.4312876464,11.957407759457116
Sin contrato,0,2115378.8380714664,47.61561960176118
Sin contrato,1,2327236.5384870777,52.38438039823882
